PLANILHA PARA CÁLCULO DE ANÁLISES DE CONFERÊNCIA;;;;;;;HOJE:;30/01/2026;;;;;;;
;;;;;;;;;;;;;;;
Cliente deseja Nota Fiscal (S/N);;;;S;SERÁ EMITIDA NF PARA CLIENTE;;;;;;;;;;
Distância da Fazenda (ida Cbl --> área) - Km:;;;;20;Data limite p cobrar juro;31/12/2024;;;;;;;;;
Vencimento do Serviço (DD/MM/AA):;;;;30/07/2025;1,110;;;;;;;;;;
Deseja análise física (fins bancários)(S/N):;;;;N;105,30;;;;;;;;;;
% das Análises de 20-40cm;;;;10%;;;;;;;;;;;
Talhão;Alq;Num. Análises;;R$ / Talhão;R$ / Alqueire;R$ / Ponto;OBS;Data Prov. Coleta;;;;;;;
1;1,0;2;; R$ 964,95 ; R$ 964,95 ; R$ 482,48 ;;;;;;;;;
2;10,0;4;; R$ 2.009,98 ; R$ 201,00 ; R$ 502,49 ;;;;;;;;;
3;;;; R$ -   ; R$ -   ; R$ -   ;;;;;;;;;
4;;;; R$ -   ; R$ -   ; R$ -   ;;;;;;;;;
5;;;; R$ -   ; R$ -   ; R$ -   ;;;;;;;;;
6;;;; R$ -   ; R$ -   ; R$ -   ;;;;;;;;;
7;;;; R$ -   ; R$ -   ; R$ -   ;;;;;;;;;
8;;;; R$ -   ; R$ -   ; R$ -   ;;;;;;;;;
9;;;; R$ -   ; R$ -   ; R$ -   ;;;;;;;;;
10;;;; R$ -   ; R$ -   ; R$ -   ;;;;;;;;;
11;;;; R$ -   ; R$ -   ; R$ -   ;;;;;;;;;
12;;;; R$ -   ; R$ -   ; R$ -   ;;;;;;;;;
13;;;; R$ -   ; R$ -   ; R$ -   ;;;;;;;;;
14;;;; R$ -   ; R$ -   ; R$ -   ;;;;;;;;;
15;;;; R$ -   ; R$ -   ; R$ -   ;;;;;;;;;
16;;;; R$ -   ; R$ -   ; R$ -   ;;;;;;;;;
17;;;; R$ -   ; R$ -   ; R$ -   ;;;;;;;;;
18;;;; R$ -   ; R$ -   ; R$ -   ;;;;;;;;;
19;;;; R$ -   ; R$ -   ; R$ -   ;;;;;;;;;
20;;;; R$ -   ; R$ -   ; R$ -   ;;;;;;;;;
TOTAIS;11,0;6;;;;;;;;;;;;;
VALOR TOTAL DO TRABALHO (R$).................................:;;;; R$ 3.109,93 ;135,00;;;;;;;;;;
VALOR TOTAL POR ÁREA (R$/ALQ)............................:;;;; R$ 282,72 ;;;;;;;;;;;
VALOR TOTAL POR PONTO (R$/PTO)............................:;;;; R$ 518,32 ;;;;;;;;;;;
;;;;;;;;;;;;;;;
;;;;;;;;;;;;;;;
;;;;;;;;;;;;;;;
;;;;;;;;;;;;;;;
;;;;;;;;;;;;;;;
