Vigente a partir de 22/02/2023;Fator .....:;1,06;;;;Divisão por tamanho de área:;;;;;;Coluna1;Coluna2;
Tamanho da Area;R$/Alq AP;R$/Alq Reanalise;Relação AP/RN;;;Tamanho da Area;% das Vendas AP;% das Vendas Reanalise;AP;RN;;Resumo Equaliza;;
Ate 50 alq; R$ 295,00 ; B3-15 ;B3/C3;;;Ate 50 alq;85%;85%; R$ 250,75 ; I3*C3 ;;Conferência;;
50 a 100 alq; B3/$C$1 ; C3/$C$1 ;B4/C4;;;50 a 100 alq;10%;10%; H4*B4 ; I4*C4 ;;Valor calculado; conferencia_service_client_exam!E31 ;
Mais 100 alq; B4/$C$1 ; C4/$C$1 ;B5/C5;;;Mais 100 alq;5%;5%; H5*B5 ; I5*C5 ;;;;
;;;;;;;100%;100%; SOMA(J3:J5) ; R$ -   ;;AP;;
Valor dos serviços de Coleta de Folha e Conferência de solo:;;;;;;;;;;;;Valor Calculado; INPUT DADOS'!B11 ;
Valor por ponto (Confere/Compactação):; R$ 430,00 ;;;;;Divisão por tipo de serviço:;;;;;;;;
Valor/Alq folha; R$ 60,00 ;;;;;Tamanho da Area;% das Vendas AP;% das Vendas Reanalise;;;;Folha;;
Valor /alq conferencia; R$ 65,00 ;;;;;Relaçao AP/Rean;34,0%;1-H10;;;;Valor Calculado; INPUT FOLHA '!E29 ;
Valor da Análise Foliar (laboratorio); R$ 70,00 ;;;;;Ate 50 alq;H3*$H$10;I3*$I$10;"SOMA(I11;H11)";;;;;
Valor por Km (conferencia/folha):; (B25/7*2*2,5) ;oleo diesel (R$/lt) / Km/lt x 3 x 2;;;;50 a 100 alq;H4*$H$10;I4*$I$10;"SOMA(I12;H12)";;;;;
Valor por Viagem (conferencia/folha):; R$ 330,00 ;;;;;Mais 100 alq;H5*$H$10;I5*$I$10;"SOMA(I13;H13)";;;;;
;;;;;;Total:;SOMA(H11:I13);;;;;;;
ATV;;alterado 5jun;alterado em 27mai;;;Valor médio proposto, seguindo tabela acima;;;;;;;;
1 produto; R$ 290,00 ;260; R$ 280,00 ;;;Tamanho da Area;% das Vendas AP;% das Vendas Reanalise;;;;;;
2 produtos; R$ 280,00 ;250; R$ 270,00 ;;;Ate 50 alq; H11*B3 ; I11*C3 ;;;;;;
3 ou + produtos; R$ 260,00 ;240; R$ 260,00 ;;;50 a 100 alq; H12*B4 ; I12*C4 ;;;;;;
Despesa/viagem; 5*2*3*B25 ;cobre despesa da viagem em 5 km;;;;Mais 100 alq; H13*B5 ; I13*C5 ;;;;;;
Diária da Pá carregadeira; R$ 2.600,00 ;;;;; Valor AP médio: ; SOMA(H17:I19) ;;;;;;;
Valor do Km Frete (caminhao carregado);" ARRED((B25/1*2)/0,94;2) ";"ARRED(B21/B25;2)&"" Lt Diesel/Km""";;;;;;;;;;;;
Valor do Km Deslocamento (caminhao vazio);" ARRED(B25/1,7*1,5;2) ";;;;;Equaliza Serviços; Valor por área ;;;;;;;
Equaliza Completo (R$/Alq);(H23/3)+(H24/3*2)+H25+H26+(H27/3);;;;;AP; $N$7*EQUALIZA!H33+'BANCO DE DADOS'!$N$7*EQUALIZA!H34*(1+(15%*(EQUALIZA!$K$32-1))) ;;;;;;;
Aplicação Esterco (R$/ton); R$ 40,40 ;;;;;Confere; $N$4*EQUALIZA!H33+'BANCO DE DADOS'!$N$4*EQUALIZA!H34*(1+(15%*(EQUALIZA!$K$32-1))) ;;;;;;;
Valor do Oleo Diesel (R$/Lt); 5,9/0,85 ;oleo diesel + imposto;;;;Folha; $N$10*EQUALIZA!H33+'BANCO DE DADOS'!$N$10*EQUALIZA!H34*(1+(15%*(EQUALIZA!$K$32-1))) ;;;;;;;
Voo de Drone/Alq/Ano:; R$ 50,00 ;;;;;Drone; B26*EQUALIZA!H33+B26*EQUALIZA!H34*(1+(15%*(EQUALIZA!$K$32-1))) ;;;;;;;
Data base pra cálculo de juro;31/12/2024;;;;;Compactacao; B8/10*EQUALIZA!H33+B8/10*EQUALIZA!H34*(1+(15%*(EQUALIZA!$K$32-1))) ;;;;;;;
Valor do Km deslocamento caminhao prancha; R$ 10,00 ;;;;;;;;;;;;;
Criterios p pulverizar com drone;;;;;;;;;;;;;;
R$/obstáculos; R$ 100,00 ;;Kg/alq;Kg/há;Valor/alq;Valor/hora;%;;;;;;;
R$/beira de mato; R$ 0,50 ;;E31*2,42;B41/2,42;250;982;F31/250;Produtos a aplicar;;;;;;
R$/Fio de luz; R$ 1,00 ;;E32*2,42;E31+10;282;982;F32/250;Calc. Calcítico;;;;;;
R$/Ponto RTK; R$ 500,00 ;;E33*2,42;E32+10;316;982;F33/250;Calc. Dolomítico;;;;;;
R$/Alq (base de cálculo); R$ 240,00 ;;E34*2,42;E33+10;349;982;F34/250;Cama de Frango;;;;;;
Preço minimo/alq; R$ 270,00 ;;E35*2,42;E34+10;382;982;F35/250;Gesso;;;;;;
Preço se área programada; R$ 240,00 ;;E36*2,42;E35+10;415;982;F36/250;KCl;;;;;;
Prazo maximo data;30/12/2025;;;;;;;Outro;;;;;;
% do valor p aplicar solido;0,900;;;;;;;Pó de Rocha;;;;;;
% do valor p area já mapeada com RTK;1,000;;B41/D31;1;;;;Super Simples;;;;;;
Juros a ser cobrados pra pgto a prazo (%);1,500;;D39*D36;1,66;;;;Super Triplo;;;;;;
Kg/alq de sólido limite do reajuste;100,000;;;;;;;;;;;;;
;;;;;;;;;;;;;;
Valor da hora da pá carregadeira; B20/8*1,2 ;;;;;;;;;;;;;
;;;;;;;;;;;;;;
Serviço;Financeiro (%a.a.);;;;;;;;;;;;;
Mapemamento;12;;;;;;;;;;;;;
ATV;24;;;;;;;;;;;;;
