COMPOSIÇÃO DE ANÁLISES DE SOLO;;;;;;;;;;;;;;;;;
;;;;"Marque com ""X"" os resultados desejados no book:";;;;;;;;;;;;;
Reanalise (S/N); n ;NOVA ÁREA; R$ 52,30 ;X;Adubação Corretiva (Determinações Corretivas);;;;;;;;;;;;
Nota Fiscal (S/N); s ;; R$ 35,30 ;X;Adubo de Base (determ. Corretivas + Adubação);;;;;;;;;;;;
Area (alq);50,0 ;121 Ha; R$ 17,70 ;X;Enxofre;;;;;;;;;;;;
Numero de Pontos;41 ;2,95 ha/ponto; R$ 20,00 ;X;Micronutrientes;;;;;;;;;;;;
Valor da Analise (R$); R$ 132,13 ;Defina Vcto:; R$ 6,83 ;X;4 Análise de 20 - 40 cm (Cálculo de Gesso);;;;;;;;;;;;
Valor Total Sugerido(R$); R$ 20.640,22 ;30/06/2025; R$ -   ;;0 Análises Físicas (granulometria a cada 50 Ha);;;;;;;;;;;;
Valor total fechado (R$): ; R$ 19.320,34 ;Desconto de -6,39%;;;;;;;;;;;;;;;
Data partida de cobrança de juro:;31/12/2024;Correção: ;1,094;;;;;;;;;;;;;;
R$/alq total:; R$ 386,41 ;R$/Ha: R$ 159,67;;;;;;;;;;;;;;;
R$/alq - Serviço; R$ 304,46 ; R$ 15.222,92 ;;;;;;;;;;;;;;;
R$/alq - Análises; R$ 81,95 ; R$ 4.097,42 ;  ;;;;;;;;;;;;;;
R$/ponto - Análise; R$ 99,94 ;-24,36%;;;;;;;;;;;;;;;
Número mínimo de análises;41;;;;;;;;;;;;;;;;
;;;;;;;;;;;;;;;;;
% de Analises Completa;40,5;40,0;;;;;;;;;;;;;;;
% de Analises Macro ;59,5;;;;;;;;;;;;;;;;
;;;;;;;;;;;;;;;;;
QUADRO DE ANÁLISES:;Num. Análises; Valor / Análise ; Valor Total ;;;;;;;;;;;;;;
ANÁLISES COMPLETA;16; R$ 125,30 ; R$ 2.004,80 ;41 pontos;;;;;;;;;;;;;
ANÁLISES MACRO;25; R$ 52,30 ; R$ 1.307,50 ;;;;;;;;;;;;;;
ANÁLISES 20-40 CM;4; R$ 70,00 ; R$ 280,00 ;;;;;;;;;;;;;;
ANÁLISES FISICAS;0; R$ 42,30 ; R$ -   ;;;;;"SE(INT((B17*B6/100))>ARRED(B6*0,2;0);INT((B17*B6/100));ARRED(B6*0,2;0))";;;;;;;;;
TOTAL;45; R$ 79,83 ; R$ 3.592,30 ;;;;;"SE(B9>=B8;100;(B14-D3)/(B7-D3)*100)";;;;;;;;;
;;;;;;;;;;;;;;;;;
;;;;;;;;;;;;;;;;;
